{"g1_loss": [0.3902940019965172, 0.28303006798028946, 0.25165516436100005, 0.2448585543781519, 0.2416374882310629], "d1_loss": [0.6464642587304116, 0.6569541090726853, 0.6642974284291268, 0.6711183738708496, 0.6742717981338501]}