{"g1_loss": [0.3902940019965172, 0.28303006798028946, 0.25165516436100005, 0.2448585543781519, 0.2416374882310629, 0.23951965279877185, 0.23808500729501247, 0.23631445363163947, 0.235068214610219, 0.23367350094020367, 0.2320101737976074, 0.23038068294525146, 0.2287649940699339, 0.22664063528180123, 0.22484566017985344, 0.22327197432518006, 0.2212936232984066, 0.21938291251659392, 0.2174988178908825, 0.21609321631491185, 0.21415385365486145, 0.2127695668488741, 0.21086730256676675, 0.2096066353470087, 0.20800996348261833, 0.20690143816173076, 0.20560625046491623, 0.20446584828197956, 0.20324139386415482, 0.20223341546952725, 0.2088133877515793, 0.2011443991959095, 0.19974515713751317, 0.1985743249207735, 0.19786314897239207, 0.19720649980008603, 0.19613579086959362], "d1_loss": [0.6464642587304116, 0.6569541090726853, 0.6642974284291268, 0.6711183738708496, 0.6742717981338501, 0.674964342713356, 0.676403079032898, 0.6762280538678169, 0.6765287408232689, 0.6772783607244491, 0.6772564870119094, 0.677651202082634, 0.6782813149690629, 0.6785505712032318, 0.6789691060781479, 0.6792522808909416, 0.6795124372839928, 0.6795899000763893, 0.6798404204845429, 0.6799550956487656, 0.68012108117342, 0.6801719790697098, 0.680299980044365, 0.6801382249593735, 0.6800975942611694, 0.6803342944383621, 0.680300950706005, 0.6808593109250068, 0.6807881435751915, 0.6806604784727096, 0.6802920451760293, 0.6806958264112473, 0.6810438588261605, 0.6811974969506264, 0.68129767537117, 0.6814651241898537, 0.6818747621774673]}